pred_linear,pred_logistic
1090.969385351859,1
1252.0072280135714,1
1133.8348385303996,1
1124.6780108516018,1
909.5323459480126,0
1208.6158181877022,1
986.1452825403991,0
774.721408827272,0
1018.4658798338553,0
1061.1677524082208,1
1314.4873691374532,1
1043.9063222882596,1
1047.49475715426,1
1075.439184993716,1
1201.622067820702,1
1185.5984778357276,1
942.3189222072109,0
795.8791771078738,0
1345.017759444739,1
1487.1269886692635,1
970.2611697574697,0
1293.3809851463166,1
1093.6519454596792,1
717.099599230811,0
807.661025613118,0
1328.6779711114755,1
1134.2379519832964,1
1447.2491540543983,1
953.3340964633879,0
1182.567998752485,1
1263.5256775602875,1
1178.7587237541288,1
1112.6571141907684,1
1094.0957267194756,1
1084.1514145385368,1
1019.5487192097128,0
1095.5861524126071,1
1193.5167464748367,1
880.8958493501312,0
1387.4932226212163,1
992.6043506345762,0
-210.03406052862374,0
1027.843288228241,0
923.5801740570689,0
949.577751984832,0
1059.8564995845284,1
1275.1810868290577,1
959.0866241399584,0
1295.5238963582815,1
1154.2713580305824,1
864.44030311882,0
1555.572027510178,1
1089.9313005049273,1
-184.79976073743796,0
1016.7066205219439,0
1198.270907743171,1
952.0197716535979,0
1261.8156296438244,1
1163.3527465223212,1
1308.5693495847001,1
980.6742225957275,0
772.2240412607632,0
993.8386898186424,0
1227.9429872401543,1
1403.848985081123,1
884.1480957795037,0
960.7349563176986,0
1292.9064074676267,1
1270.7219148206625,1
980.7487031947857,0
796.0592784910875,0
956.8901678639508,0
1018.5343145495954,0
1786.0782480721052,1
1428.953695325239,1
843.8377780185822,0
1192.5596948802922,1
863.1859336176298,0
1107.7931141407303,1
1296.612525456401,1
1016.7652569674765,0
1057.6682967357292,1
1463.711308267526,1
1114.1698679023962,1
1064.3648890470515,1
1119.8091979242718,1
1383.5084435915683,1
1077.0757634211272,1
1119.768497992822,1
1114.4120857520588,1
944.8928566885216,0
1189.5777920253777,1
920.6049653145191,0
995.639819816426,0
1063.658561390964,1
1091.6563152316082,1
917.367943321105,0
1010.1801274695921,0
827.0434232207325,0
900.2429893581295,0
1071.0199082075712,1
1381.1492181071978,1
1080.5532607436512,1
733.0247944805268,0
1186.0897364368916,1
912.586763142624,0
976.7015731287721,0
1521.8182168887997,1
945.1067325473707,0
919.8304004458006,0
872.9602434534582,0
1021.8280745167642,0
798.1745752214234,0
865.6069290800956,0
1166.958878817444,1
1048.3506154953632,1
988.6617782955313,0
1410.9822370331906,1
799.7601069853789,0
1208.1356589111217,1
1047.012652444075,1
1063.215524722904,1
1103.1035093740402,1
1370.488546357357,1
1094.2002489363608,1
1021.8782897202585,0
718.2090511839158,0
1230.5932431620818,1
996.3143832407095,0
1141.7840992295655,1
1607.8018885823656,1
1286.399716670435,1
1296.44052604339,1
928.0236518698468,0
1154.445982102516,1
835.0809733707432,0
835.864107464228,0
1177.5439938384652,1
840.7542724871425,0
943.6826051951532,0
1121.4480112991048,1
950.2395358174059,0
851.4324960360454,0
1251.5374125713595,1
1004.2601362664519,0
1298.142070414014,1
793.6213234296879,0
1165.038351002368,1
915.6748107249152,0
818.7794241102788,0
871.0782406122178,0
967.2937872130633,0
1503.1458311138808,1
860.8475934897914,0
1205.9265359078734,1
1042.6767816783247,1
815.4276190971773,0
900.5838756930625,0
757.0378072828148,0
1624.2431663032182,1
745.914581288924,0
1098.3183702369615,1
1069.6937029990506,1
1047.0364132755624,1
1036.4588472918867,1
1059.2122340908531,1
1209.679169257769,1
1190.1674882081147,1
1303.9242140907647,1
1361.360081451839,1
1403.5394762824812,1
1165.1129162049574,1
1184.286331431518,1
974.5033434382216,0
1176.1755040098253,1
1075.5375929261759,1
989.4450760172081,0
1492.3886209991915,1
1036.1328886486313,1
673.4619270675296,0
1056.6834703805405,1
1189.5796479835285,1
890.9552504124447,0
830.2834392964952,0
1153.6429394373224,1
952.919533240759,0
1449.7646074266956,1
1089.7937762928293,1
1059.388730220328,1
1014.1843775526785,0
1091.5515500033753,1
1351.1786290861141,1
946.4429730955598,0
1179.1569491900725,1
1655.0967138174667,1
895.3337023469694,0
970.8858313974948,0
1079.7615386819245,1
1328.3913308800975,1
841.6455902148083,0
868.9119736354837,0
1021.6184915460599,0
1379.1969302344037,1
1215.545601597187,1
855.2723315772975,0
1047.5057265923356,1
1396.482704794591,1
1062.0382190502692,1
1269.0772235816705,1
1327.020084315814,1
1164.7341132462197,1
963.9525586708719,0
1068.1214439746566,1
-227.35009445536662,0
1059.4762717698432,1
970.5327996308017,0
1325.8447362700126,1
852.548075832216,0
1773.9204855844562,1
1087.1828637387991,1
991.2303797485855,0
1167.3071253531114,1
905.798342198795,0
1060.3000432379501,1
1096.304507284703,1
1160.9550809265152,1
1153.7771621643517,1
1112.817670711992,1
1041.0253402855744,1
1094.9910159353853,1
849.9215967260252,0
1149.2001955294222,1
813.446793009547,0
861.1992154055712,0
1312.2172341451464,1
1245.823047439984,1
1307.227067038118,1
1204.41625663795,1
1075.2656389703798,1
1362.3692575346126,1
1272.8164052164393,1
837.9423872533364,0
1167.269667641148,1
1378.3293354474179,1
917.8188429760631,0
1228.0287272269372,1
1273.8780660272569,1
952.1609776950115,0
1178.2808972958555,1
1072.1634465170848,1
947.8729685641822,0
1324.0179047556408,1
773.3474330009115,0
-228.15815486960378,0
1040.5254116171964,0
961.2492881981254,0
1471.118730256979,1
905.4852851688966,0
-212.1339745761461,0
1034.1653436557121,1
1174.4175863088262,1
955.2230508336552,0
1243.000723449498,1
883.0459056528307,0
1139.2805622283063,1
1097.9030905133754,1
1021.5212090279032,0
1310.2956343705057,1
1110.4372525859078,1
1113.8268208010668,1
983.927038127995,0
969.914926301802,0
1027.9942362463546,1
968.6769759946782,0
894.3916958514826,0
1106.7527484403015,1
978.0847599007218,0
864.1902895692062,0
1184.2348739465829,1
1047.1929148558406,1
976.8945940729138,0
1074.7282937353177,1
-196.17057457963529,0
1048.6755806719607,1
1239.5558400331465,1
949.555692871892,0
1099.5457909993177,1
1038.111002898202,1
922.4220659838658,0
965.7724906825573,0
1151.939235542919,1
1008.9556998031636,0
979.3363943069623,0
1386.5851730844115,1
1358.4212455184775,1
888.8893954186162,0
947.555652929067,0
1007.9282438236097,0
1021.0161991387869,0
1237.0273654088846,1
1077.8209147415678,1
1000.9093516112728,0
1037.6009712681628,1
1082.290334609311,1
1240.8608592789783,1
1523.1106478974605,1
-228.0794580187337,0
1215.0408007461215,1
771.6545221698286,0
1141.050152042877,1
968.9159430145392,0
1032.8104875056047,0
1048.7577278239673,1
896.0883742356094,0
915.9615833423333,0
782.732826684038,0
1167.4148599200817,1
1014.382283332851,0
927.1599414625753,0
936.7989084368476,0
771.4223178968268,0
1412.9985040862205,1
-188.7227205958368,0
962.3139965602043,0
1588.3760881253297,1
1083.5429786513002,1
1045.741329090291,1
1049.010697625048,0
774.5463223372776,0
944.593699936562,0
1759.1070452807144,1
1113.1676156027656,1
1064.9321607333002,1
1024.2365011874992,0
1069.576033196601,1
988.84388186076,0
1132.9535534258748,1
1030.8541873314905,0
893.3439821197327,0
901.068117590471,0
1126.9062104056559,1
993.4233422570086,0
1253.1067368213044,1
1361.9693815557644,1
1271.40120684992,1
987.1995596281839,0
900.2420608704531,0
1446.961657806471,1
955.2937964966931,0
1092.4440375181416,1
943.2625522643978,0
849.49412457662,0
1165.5700661111491,1
874.7350980330268,0
1540.6805908467036,1
878.3443072938517,0
1143.41738222714,1
1100.9555074002826,1
-121.93860632943438,0
850.2383312895263,0
1169.4763339283572,1
797.5855256426096,0
1370.294841686888,1
1121.5320757589107,1
884.145619711462,0
867.3265221780031,0
1148.5108049498901,1
1789.409867557487,1
829.6033004785237,0
901.6525278696528,0
1003.5541240724759,0
745.861223623882,0
999.2124742765474,0
782.0507744929972,0
1120.2695851959932,1
1162.4906327829467,1
849.1812151507838,0
1336.1011831919661,1
962.5815894201037,0
725.6710908768152,0
1214.9945783331762,1
946.5010434393281,0
1024.0700348127812,1
894.7863446066146,0
1369.2431318255922,1
1385.1391376699653,1
998.8465723035954,0
1176.287088017378,1
984.5968214203959,0
1357.688450114708,1
809.8722752990566,0
1287.4017306127705,1
1019.0885456739463,0
1360.2689453348144,1
1003.3750959121373,0
1173.2651432815042,1
1335.3938548692713,1
1272.5858528587405,1
764.0066050536284,0
1191.7129597782514,1
996.1842122068356,0
-212.06053913587743,0
1360.9460649794441,1
1015.4202078625933,0
938.5223160161667,0
1072.1739204716876,1
1558.8160820163298,1
891.4566312739356,0
1190.3618177232083,1
889.0267900076254,0
1187.228505694369,1
-226.40255689331207,0
1060.9694982570395,1
1593.2139559687203,1
1530.2291021854435,1
1211.7337218402026,1
-220.11900834322,0
966.844871581424,0
1371.5741902752488,1
1233.9739874741908,1
985.4578713843249,0
1079.5004823600657,1
1172.1576343780016,1
1554.3966921876645,1
1361.7801863228651,1
1099.8313972220803,1
1159.2122653698834,1
771.1536563934629,0
1072.0418039391047,1
1033.0310191248302,1
833.5356336304947,0
1070.5700933748112,1
942.1831833882757,0
978.0067558218226,0
1111.9193903607138,1
1206.6863276241336,1
884.5594589376868,0
1199.5175356894017,1
898.9418718779946,0
1195.8604692936551,1
850.812291907578,0
1562.3873049225326,1
1096.017865928893,1
915.7100496852088,0
1068.2475741750716,1
954.9183495761628,0
1048.129857815572,1
1316.7355467870948,1
1228.8885566301983,1
1125.9036710286546,1
1024.1452557449404,1
928.2237781489066,0
977.4521530202002,0
1191.345933119701,1
932.3930291308624,0
1102.2098219420168,1
1222.8738685404228,1
1055.9824641390144,0
844.023572497577,0
1316.1356396778028,1
867.580467518672,0
1058.244116648928,1
1056.7170271959876,1
649.1623362318595,0
1112.1534086718038,1
1507.1758381625207,1
774.8070086836417,0
1467.6945264289893,1
1044.5053001470353,1
1291.0903678239906,1
1156.2170776764065,1
1348.4894293697287,1
1003.9290626405557,0
1458.634044832584,1
1107.4505255078907,1
1014.1571107215948,1
1537.8204083397459,1
1421.909075974041,1
1025.2732688772442,1
1162.5737512893447,1
1233.9189146442109,1
1158.1375702327116,1
996.5219542947157,0
1380.149178388942,1
1184.1455790865712,1
-193.4326489629375,0
1484.7977124693516,1
1249.488184375065,1
958.2218130520633,0
883.7810598629087,0
576.5134976284866,0
1204.031117792815,1
849.9367411787659,0
732.4192695289111,0
1450.49441230922,1
900.9918843057005,0
1159.5710184054387,1
1178.4028684928421,1
910.3926786416715,0
961.6923249420288,0
1132.8229586183988,1
732.6275752124274,0
1452.3263120107845,1
949.7118501168098,0
-170.7342481191081,0
1535.8980643293867,1
952.625898895482,0
892.3111264586651,0
1017.2251361705554,0
753.9262388332677,0
1335.3549231635836,1
1118.3977604631957,1
673.2726017531702,0
1491.6515285631272,1
1339.5114487849523,1
1167.5126943218947,1
871.0378431510078,0
-211.21279033022824,0
1270.7976841395744,1
986.27337170768,0
895.8700392008077,0
1260.6666391472181,1
1119.233662770197,1
915.7877337861073,0
1199.649487240838,1
1006.3370493054056,0
1074.2186723041843,1
1165.7179186511867,1
1185.8246251176922,1
1198.777861272406,1
956.1669787755252,0
957.8027750524603,0
1322.457609245449,1
802.7784650907673,0
962.9706486709279,0
983.1645290121942,0
1074.7398472584314,1
1138.5657078894353,1
-226.86103982571717,0
-152.68009703237158,0
1061.5688200598902,1
1166.7264048388338,1
927.0156468919355,0
1457.033588450163,1
909.2645376980738,0
1265.503737098108,1
914.0739798943273,0
1009.651277616803,0
1117.9751823288038,1
927.1056826310239,0
1174.5072789420792,1
972.4046081673296,0
1214.1602816804761,1
858.3022329733088,0
1065.6386887801707,1
1308.0591262875532,1
1009.9099842694831,0
923.4859398309334,0
-106.33773525724064,0
1168.2459485839795,1
1130.1519361230658,1
1118.732598277969,1
968.1946106432736,0
952.1332666035916,0
1288.6436570259884,1
976.3459113658587,0
978.0920298127744,0
818.2162795793242,0
1520.7527270456144,1
1044.74936924114,1
1104.0280600472295,1
1045.3944392660333,1
910.3428376032953,0
927.8667492845973,0
1005.1931528624796,0
1252.919357122851,1
1485.796888725956,1
1024.3299901698567,1
1021.6963345463516,0
1065.120797667934,1
916.8570280819702,0
872.2931309139775,0
942.387392116921,0
1468.9827164615483,1
1421.79887315631,1
1366.8575504668493,1
1013.9254093710194,0
1199.1105271977158,1
683.2001849332684,0
967.9887629780725,0
1237.7545823478756,1
899.9850139868119,0
1364.9535213793224,1
1290.1507750695969,1
1113.6631160934633,1
848.9040457542415,0
948.1894811180283,0
1114.8854184218583,1
995.6075844982543,0
1018.1689068669716,0
984.8570547232059,0
1036.1912016644812,0
976.5980416502589,0
1182.5539242522746,1
764.8935303227881,0
1035.7654005850832,1
873.6410087589135,0
1122.657557870067,1
1318.0965243470066,1
877.514008260132,0
888.5046996114343,0
1127.1440167712199,1
1028.892027951147,1
1153.7270310270712,1
1146.3387120300397,1
985.294535275196,0
1186.0207379082087,1
1160.1808992774131,1
960.5361486183051,0
1199.0583036024902,1
-225.04466155247792,0
968.4254190168726,0
940.8409789983426,0
1459.1197048430422,1
982.6502617215382,0
1093.483513994749,1
1579.0911505049548,1
1111.4905253491795,1
-153.0669137490852,0
1037.0831422303443,1
809.9376978556734,0
1128.111599425249,1
1228.1967003696993,1
1287.1447545496292,1
1364.452551396834,1
1169.912702520839,1
705.2539502250401,0
825.693017158002,0
1307.2918727243273,1
1105.0002611018301,1
914.3060353363246,0
1231.6611696311968,1
964.2548217460521,0
954.7718211940664,0
1146.2567825283868,1
1272.2648073742555,1
1366.5756041706622,1
1073.1678740450905,1
1229.6755872795443,1
1199.7708617159947,1
-186.04593837362722,0
-181.7238697527348,0
719.1581292650551,0
1552.9737978249796,1
1705.6677258331906,1
1028.83385034736,0
1572.398180840534,1
1714.8105513370433,1
933.0413506139828,0
1318.4653487779556,1
1729.6906489259914,1
1633.4631896150102,1
1029.046992831908,1
932.2564150783879,0
1210.0199978884607,1
964.1127748888265,0
899.5457736264565,0
1257.273483302509,1
1090.392832624985,1
814.7751682504523,0
846.1806967858864,0
1386.5003992462812,1
929.262019463759,0
919.6915308992313,0
1607.9119636196149,1
1048.9469396373381,1
1130.496063036935,1
1211.8156122402518,1
1104.2391640358205,1
1129.8368004412337,1
1040.8884354580018,0
1151.9195875955352,1
915.5750660184524,0
1224.095830179326,1
815.166607437233,0
949.9102926884696,0
1258.9904083466927,1
1473.0254207226462,1
960.779533697228,0
1083.962082403635,1
1163.3471837134407,1
1791.7728974671572,1
1377.7015221347465,1
1041.4191007519594,1
917.3463929971174,0
1312.4488073516825,1
857.0508723036183,0
-242.42923260642874,0
925.6543678326268,0
1031.7152000695146,0
1054.9915089159645,1
-214.31888991463484,0
1066.371718490476,1
990.9428730084218,0
973.7289503911366,0
1096.5439509068774,1
950.4054375109378,0
1009.8612405155428,0
1395.2807929771197,1
1130.3892693832884,1
925.4113973448829,0
1371.6412667078912,1
1035.9476642650263,1
1357.2664094089846,1
1484.8362750060812,1
1153.1212634235726,1
894.8393032581655,0
1153.3857835944534,1
1260.5516015907997,1
1011.3462413962017,0
1063.0929103642677,1
1186.8965506192246,1
1150.2350484774531,1
1017.1704493571146,0
1042.447442316621,1
-153.36201537406623,0
1016.7633031958222,0
988.0766701564904,0
1225.2005655030857,1
949.5997502251316,0
1060.49569705536,0
995.5266662602204,0
1135.0593059026348,1
1342.6328074066516,1
803.0163193608838,0
1174.2310044515534,1
984.2410707891753,0
1134.0286975240533,1
1258.0387167486292,1
1190.065230877906,1
1068.0009894922403,1
955.0280131918316,0
997.1332297889443,0
943.8576053298087,0
940.9526112186516,0
1772.661166550196,1
1533.4470870043965,1
-223.02802583447397,0
1470.0282690555412,1
683.0635714285337,0
1235.3571592103876,1
1002.7872432217724,0
784.4035548363191,0
1111.3079349213006,1
1171.3148599970186,1
1297.7307935337046,1
868.4431416607356,0
1146.0518384205172,1
-224.45758739099983,0
1229.2455591128046,1
1067.8415200769923,1
1008.5849721397036,0
-220.88561114146864,0
1252.7110374960564,1
1328.6658051605154,1
1048.4919957141435,1
1468.2602986601735,1
949.9977013618994,0
1282.8977633477928,1
1099.398558118601,1
1188.2871714663088,1
1295.493610061589,1
869.7447971102523,0
1053.1332225551632,1
939.970557588512,0
1177.703032906089,1
1432.6470121642583,1
989.7569992502538,0
1208.8724506417389,1
920.9669499934321,0
1514.7942668489422,1
971.7167152784211,0
971.9517150399553,0
970.8619237886969,0
1679.0131385515726,1
1157.4487388209209,1
1054.9414318959707,1
1189.1152023137415,1
1173.6287252807545,1
1136.2640909521956,1
1108.911487786664,1
1203.3501364347562,1
1305.9884920833592,1
853.3192055868199,0
910.5493760949042,0
941.7462885180985,0
995.9283226903941,0
1079.6661442870225,1
1011.2728132935956,0
1713.053887261083,1
996.1911978812809,0
1532.4079330648376,1
824.151353011065,0
1417.146973933064,1
994.7674392735531,0
1238.684239833235,1
1039.416925419927,1
1135.3369626636982,1
1461.2634323480572,1
1107.2371768882158,1
1209.6794101027021,1
889.9001700946645,0
1033.3938762219595,0
978.0559612201104,0
1115.6114062872095,1
1148.163581863088,1
1274.9540760583188,1
983.9171128363407,0
1070.6082790084813,1
1085.2618928231705,1
880.1826319833033,0
863.332280906687,0
830.6196725247132,0
932.3403113082043,0
752.153783374139,0
1082.518937704945,1
915.5722854517187,0
1033.4780625956344,1
1382.208404746558,1
1364.8282021113073,1
1188.3506959307815,1
802.4258989128617,0
1041.1549640572107,1
1201.0661513928278,1
920.489314027534,0
1071.088153691756,1
1285.5978546626516,1
1079.9306856078804,1
952.3408009949364,0
1093.211943849294,1
977.7800626534414,0
1137.7701632224719,1
1302.7512641406618,1
1081.875670273026,1
1102.0757885442702,1
1223.325740803186,1
1396.214304089794,1
1008.460716656823,0
891.4076079167287,0
1239.7643080764458,1
841.3583216367706,0
748.8811731526947,0
1004.3715924937554,0
1231.0256671187246,1
1183.2999309811366,1
760.21705732651,0
1308.3744699571148,1
1512.3292916558403,1
1219.7096080700235,1
938.17528902145,0
1067.237027082802,1
-227.65399594010296,0
860.9273028083356,0
1192.4424469818186,1
1018.9404366773699,0
1009.3837577030434,0
811.5045545154967,0
1171.7114006388244,1
1032.0083966000634,1
1088.3208995831587,1
927.3019337329761,0
898.3855337709598,0
753.3871234425494,0
1139.9032578005076,1
1175.240507150407,1
922.4084816628964,0
950.5582712669082,0
-224.72424964085462,0
852.1263981066402,0
1101.9596826065538,1
1252.6400977516762,1
1305.3503797290984,1
905.6672568844771,0
1115.724718466475,1
1492.6667525505927,1
1176.3138557534526,1
942.6496658522029,0
876.4198066212724,0
1322.593829259402,1
919.680072893774,0
1077.626766450534,1
790.635663365325,0
987.4183465995067,0
1470.1819339469816,1
1222.4603140698225,1
1051.8214811749071,1
1178.311074291091,1
1044.0762975963657,1
1122.7143320429316,1
1178.521571528774,1
1053.7972104334349,1
1155.7479862516632,1
854.2637376487148,0
1217.9115289591573,1
-226.94676731176583,0
1193.3930030154781,1
1088.8436903813695,1
886.9471738795328,0
983.0834498116473,0
1417.3758780044818,1
1381.1982359220374,1
1144.7954598428114,1
1149.9812381625088,1
1066.1303842226046,1
1347.892585917609,1
1729.3118944658484,1
903.9409743186612,0
-242.42923260642874,0
1037.3275246768305,1
964.3699739775114,0
1639.7455724566048,1
925.3869962272931,0
1440.3938833179366,1
1038.3170529186984,1
1336.8517733835542,1
1002.5782448881293,0
1018.5766400010448,0
1089.8491911737103,1
989.117612309527,0
1112.2866999663968,1
1191.603368930555,1
749.7383859264116,0
1176.1985699807894,1
1073.3875088759528,1
1109.3246770299947,1
1103.6737852952497,1
1392.523168620483,1
743.1049617374563,0
1398.5695203650057,1
1336.2447268929009,1
1498.3832828282802,1
1460.5309729713035,1
1129.648411025295,1
916.4904578000077,0
1146.9796965645417,1
1005.2077628068939,0
1124.6271328770733,1
981.4831045468891,0
963.2690405667067,0
1163.351511013824,1
1438.253655979965,1
1195.770443757142,1
971.1488053187285,0
929.6096715061863,0
1485.4477430993327,1
671.7393964925477,0
-134.98500321917572,0
1107.0385386517823,1
1131.4479014631224,1
1064.9274841963768,1
1051.3833323114086,1
902.9057773714427,0
990.1054814298757,0
983.8809880029021,0
-242.42923260642874,0
941.1133084012771,0
1009.9418776379698,0
1294.8799939558412,1
1299.4444342439788,1
899.5855818486408,0
940.7542570759385,0
865.7069574150238,0
1078.0309055019566,1
1104.7403348061714,1
1467.3991760211654,1
938.3519550285722,0
680.985854547629,0
918.851116543416,0
1154.0865480087075,1
847.4210583830364,0
1034.4766566767005,1
998.7629915272045,0
1010.9241133154917,1
1551.5957940088301,1
937.9001983642079,0
1401.0341105151342,1
875.8143367832412,0
1031.6759663855762,0
966.0492289663807,0
660.5751082070936,0
1166.2308689268134,1
898.6405834812685,0
1061.7860966241778,1
1027.9408375420328,0
769.9428079534903,0
970.1794713453844,0
1151.5721864096474,1
1301.4249557267356,1
-129.1585314744534,0
1165.2277138306195,1
892.910385760993,0
1084.3208113668052,1
1100.8840597832384,1
968.2072072728304,0
1398.0039065334518,1
1114.076520611944,1
1130.5149022451938,1
1228.2296088729922,1
1119.5485109190806,1
1162.8753368344517,1
1091.1499709852033,1
1374.8742625040957,1
813.8248166236395,0
1297.824264500031,1
960.2469900053172,0
909.9721998785965,0
959.81707146628,0
1019.8753563410735,0
1043.4154804689092,1
900.7744196693486,0
818.1096869359653,0
911.1913475417226,0
999.1198877992116,0
1034.1371908625658,1
998.597948293197,0
1060.7497134875312,1
1232.5178143489711,1
1182.5113780199813,1
924.1041168296531,0
1899.994464427315,1
1221.6647292503576,1
1139.6015518431489,1
1119.8852377960811,1
1100.3363386545193,1
1166.91179440505,1
1215.9071269800102,1
897.4529798483834,0
1153.3789601898584,1
1641.79600514325,1
1127.3436731563693,1
911.7912162045454,0
1354.6614362713665,1
1022.8416325319761,0
1003.0892454935685,0
1439.8965852952815,1
1015.0895571309436,0
1301.8020539762304,1
1353.2477415830183,1
1071.1796025070425,1
1164.400054447631,1
942.6103026881041,0
1206.9595227448133,1
1410.4271746766208,1
1215.0103684146336,1
1456.3076195651229,1
1499.0370901004585,1
1415.8030940286228,1
953.6147836121614,0
1157.9460993053917,1
1012.1987070274934,0
1582.1077759901518,1
836.2471105759147,0
944.5341288899401,0
1243.3042721572858,1
650.8000440502375,0
961.2669121212102,0
1241.323485215417,1
992.1113214448843,0
1178.3457860854876,1
905.9479791198539,0
-228.6057518832647,0
1030.1001112275558,0
898.2148232812447,0
1263.9306705239549,1
1425.9669915535878,1
1042.525940510125,0
1027.288002294633,1
-242.42923260642874,0
1421.1167727203804,1
967.131418371062,0
-223.12885762037422,0
896.7833506857403,0
773.8577344251836,0
968.892653876977,0
1118.8187539762093,1
1367.3022863498393,1
1046.8103148469013,1
1391.0706575665843,1
916.1298196141158,0
1202.5019109211462,1
1125.0364559062716,1
954.9178940898635,0
1167.962443211788,1
834.1934208716827,0
1089.5770923057999,1
1029.3526011521083,0
883.0707940771342,0
1363.8899307759539,1
1215.0881170110997,1
1184.3159873973632,1
1325.1802424479088,1
1221.269599622006,1
1235.57150663321,1
1062.986926481199,1
1498.60801433985,1
1005.7925427472209,0
910.9235562759247,0
1118.6217738740877,1
1053.614661025484,1
945.1900599889811,0
-210.4612918318312,0
1073.6497999597605,1
1302.933643971911,1
960.643534627663,0
963.9268915637101,0
840.4385136509811,0
-242.42923260642874,0
1298.0588355400612,1
881.6824607616727,0
930.1984038826027,0
651.5012784383432,0
1108.403665696102,1
893.1932211428764,0
1091.1892700097903,1
928.3961199357076,0
962.3981689718312,0
962.5675310463545,0
1457.9198481196083,1
1092.34969686167,1
952.2549342531225,0
1150.1331423598629,1
1196.354896064839,1
1181.9164845360312,1
-197.33311078876523,0
926.2971792467222,0
1249.4377441699862,1
1030.7660769209347,1
1031.8438196221518,1
1107.190995884833,1
1074.859686117463,1
1402.8191799731871,1
1598.8207811526515,1
1329.96308040437,1
996.7291204267677,0
1102.1315452438093,1
1176.3735879360675,1
1355.4243660832778,1
835.6947547782985,0
1061.4344292588762,1
1129.3231780181054,1
1231.711402710126,1
987.6420508615867,0
842.650330718589,0
1320.7503342621176,1
972.2714919690325,0
987.8508160225778,0
1169.6021237342031,1
1077.6582538678417,1
1405.0270497305723,1
1158.4727478050834,1
839.8590464772753,0
966.4877782130827,0
1113.7644133040633,1
1175.3828898398906,1
888.389973030741,0
1080.241192610324,1
1858.1325029319282,1
928.8403613396647,0
1054.7240389044443,1
1061.738070538251,1
1359.6660408123528,1
-113.67470631588344,0
1035.6089638009378,0
868.4339553497434,0
1367.9031525906125,1
1107.4040207750877,1
928.9377953019635,0
976.696552254844,0
851.7178651572265,0
1414.331475605907,1
821.8932032872581,0
1258.7959282669128,1
1598.4371904437453,1
1113.4696952910813,1
891.370893377747,0
1200.8461481943648,1
1054.1267352808268,1
1146.5328583985254,1
1104.4020307250448,1
1295.1260979649387,1
1205.2684495898193,1
1001.8171680225684,0
1006.7081707690677,0
968.9707634034041,0
1046.7923913609736,1
892.0553992005856,0
950.4223477671102,0
1068.5553752461242,1
821.2593094828931,0
970.3067656687094,0
755.7294913005444,0
809.1549379906417,0
1141.5537864468588,1
1368.6250906538812,1
772.0933214732378,0
1059.200643032157,1
1064.221808426175,1
1144.2959960174574,1
1046.087457098151,1
889.127609504023,0
-195.53501216698987,0
875.8964318441876,0
1140.9965331840685,1
1468.1830187075711,1
899.7340613159513,0
833.9800469748417,0
1206.075071022277,1
1392.2973070427047,1
1238.4127995843528,1
1134.481720397719,1
902.2580453590939,0
1052.586125278603,1
807.1859742671077,0
1085.4188810941275,1
936.299122636806,0
1353.716237633174,1
-166.36582356916642,0
1372.5277366934142,1
904.9767104983187,0
1157.296101962374,1
1051.5105875016247,1
1015.4673171045889,0
1080.750055614314,1
1412.1898339836625,1
1354.643942275969,1
998.0246332552744,0
-242.42923260642874,0
1033.6630783262196,1
925.1258499391314,0
955.7571464512756,0
1104.1045485395314,1
1149.8593068040877,1
1459.3014597735564,1
1328.1070520366013,1
1338.043652215086,1
1098.556565241742,1
701.245056982385,0
877.2194427656544,0
1130.7440247992308,1
1168.6004339604592,1
1295.395916801173,1
1360.2413529051735,1
1274.8536158763022,1
1343.506765194623,1
1062.7175579563848,1
912.0016133263487,0
1305.9900504001353,1
1219.8002906122385,1
1055.5407204354885,1
1147.6355708503145,1
1010.2238740835771,0
1227.8497380324375,1
921.0606821122196,0
1579.708270929207,1
1131.0911492784587,1
961.7200859566061,0
1385.3921019002155,1
1179.6205213910127,1
649.8842096439596,0
964.6186520297617,0
1231.894711390405,1
-203.60894877172518,0
1356.8751748360837,1
1066.333679329501,1
1075.8593560075433,1
861.0956089187537,0
823.3003775689642,0
841.3389022203103,0
1029.451858231554,0
1244.3073086038041,1
1343.3343224105763,1
1103.7569435847697,1
1378.0452530687146,1
1092.49256747956,1
831.4719695019004,0
1322.335129282204,1
953.0802173032805,0
720.4631907039932,0
1142.8558344181417,1
1915.0553824904528,1
774.2972063844363,0
802.5517090368841,0
1103.8703902882185,1
816.4964052306668,0
1522.4992882001907,1
761.5318867202081,0
964.5733027504791,0
963.1955230539352,0
-214.41831557349906,0
812.6235633938238,0
1729.6269347972998,1
-174.09929938623713,0
920.3589612268001,0
1012.3566158747636,0
1073.2082377208487,1
831.7165972897602,0
1259.8212996639684,1
853.9289400536035,0
1138.121695198715,1
999.6511013835502,1
832.2436354793301,0
1177.7701996456656,1
924.4880113595191,0
1083.6799232878473,1
1382.13318603988,1
922.4244609028174,0
1316.7053370168517,1
652.6963720253448,0
1171.9321597711023,1
816.9938363465988,0
1053.8767272564696,1
980.3433116569491,0
971.6460227110705,0
1090.3078816615725,1
1100.4567327538778,1
1038.2899594157363,1
1168.381841805577,1
923.3738070632797,0
874.6082478238828,0
981.0413739661519,0
963.0794857350758,0
803.7003941782264,0
1131.100365106263,1
1012.6219783340536,0
997.545703286591,0
959.0121827865984,0
913.8442175371747,0
1401.2675274540848,1
1253.2059926521276,1
1045.7431740234706,1
-224.56123143097147,0
1666.0502803433128,1
1137.804834406645,1
1158.198630483623,1
970.6375801420431,0
1667.8719433142642,1
1125.504213240551,1
1251.14115407571,1
1044.0449941435868,1
1161.872175004396,1
1024.524807698516,1
921.7666721142338,0
1019.6495998213561,1
1116.2254613537007,1
1564.2145633224998,1
1040.3758256650433,1
1270.2489044282015,1
949.3078516280713,0
1144.4292346312109,1
1029.0653210089986,1
1233.540037695133,1
1413.8232492863453,1
1095.0567818538204,1
1017.1279866671985,0
1145.9318211461266,1
1040.699746556211,1
1116.8779020285278,1
1398.8215203461405,1
929.5492865911308,0
1107.016123755521,1
892.8825304837324,0
1052.7159842091057,1
1075.8015808731107,1
1278.4550487777724,1
1514.2439973275557,1
972.6548369595116,0
1297.8905280580298,1
1344.8013976363536,1
1460.5667339545894,1
982.0148558917031,0
991.0818175167432,0
1259.2827323529987,1
1039.010788929755,0
1239.2307471443605,1
920.6760386915385,0
747.2528813316452,0
1074.033384266034,1
974.9820938492719,0
1303.769568224559,1
1484.4734305701586,1
1092.8555364858091,1
1143.353853246352,1
950.398328501399,0
1898.7032025710637,1
1079.5646342563498,1
1180.0848730906537,1
-174.25106857983474,0
1123.9252921176242,1
1052.8197942627407,1
1422.909631507054,1
878.369965200843,0
1176.2462761418292,1
1284.8327197585936,1
1163.3354544627834,1
897.2285727584757,0
1421.268873908486,1
1122.1010825908008,1
978.3528697697085,0
910.2824034718788,0
996.6860586245249,0
857.9213377150069,0
1296.8474025558248,1
1077.9708700802082,1
1104.0651210398448,1
1287.8881243134088,1
1029.8217562730513,1
817.2810038918138,0
1188.4195563399524,1
1189.3105734486699,1
1315.3696109403909,1
1084.9956851977663,1
935.2172641104823,0
1130.3699666269779,1
939.7070576570738,0
1058.4542734065308,1
1197.8043332857164,1
1087.6469885337904,1
1076.5495964577956,1
1341.7525455698628,1
864.3620292828796,0
931.6073303850077,0
1388.868169541477,1
951.4230139455146,0
1056.7582998272508,1
1192.5092982773435,1
939.613067988268,0
-228.62226231015188,0
834.1968636586639,0
1054.5035352965713,1
1048.747607416787,1
995.2955402623397,0
662.2895169357698,0
-242.42923260642874,0
1054.821649892369,1
1133.404458518735,1
1455.0212081531895,1
1133.948500550328,1
996.4786250697931,0
1014.6507051037576,0
1049.4505167786153,1
-229.39589574357888,0
1055.1351545331754,1
1082.3271651966427,1
821.7892218179524,0
1039.5460482384951,1
768.3321436684731,0
1273.5935229746133,1
689.9305192185832,0
1353.774061103405,1
765.6356575158275,0
1191.531025808516,1
1045.5623434659115,1
959.3571938518756,0
930.7470880115524,0
1064.7357146402544,1
1165.9611619659163,1
848.3653783909224,0
968.96852441254,0
1025.166526041406,0
1111.0361338568855,1
962.3171107947319,0
872.0965988329036,0
1016.6263613518719,0
924.4238547739081,0
1030.9781575602308,0
895.9372139601985,0
986.2865114056523,0
1030.6547606943602,0
1621.1961761611183,1
1417.9192492828893,1
1132.3995497509557,1
1112.3462979346525,1
1034.1746373901685,1
948.2222965771448,0
1193.8893520486668,1
1123.4510802470945,1
1412.0364549734786,1
1057.7294354377482,1
933.916923367566,0
1197.0052434304096,1
1279.32710171441,1
1430.18488457432,1
987.5068535652385,0
904.3181146276149,0
1102.7591720341127,1
812.4791632285021,0
1038.6143024736482,1
1081.3893233670233,1
1259.5019890282456,1
972.5879387263356,0
999.6668101020823,0
941.0539505255344,0
1025.0073793511672,0
781.9333304757845,0
1264.2066672333467,1
900.7810463481296,0
1068.7131379576147,1
1047.392708150588,1
1207.1912156217368,1
1241.9321222829901,1
1337.2215978676475,1
1107.8109238400343,1
1061.3350943152243,1
1192.7992364508775,1
1194.8270126211623,1
1315.7810833074793,1
938.0690176719671,0
1119.0768398774132,1
1026.6521183118377,1
1076.495829916912,1
1304.9744612487684,1
1381.0723903088256,1
1299.2082416021294,1
1068.1160622241866,1
980.6027883102665,0
927.8133958460688,0
1172.7362844564416,1
1043.9071321651581,1
1015.1098696887168,0
966.5440049026308,0
1554.9712246323043,1
1478.5851002790566,1
1366.958588034429,1
1008.0601928728116,0
671.1838858702527,0
1247.3489622946768,1
996.039115515219,0
850.7802356537028,0
1338.07403774341,1
891.7000293454674,0
1099.4303470242492,1
1098.612738675197,1
1082.1411166266348,1
1209.1938135876076,1
886.8998956997675,0
1080.50195328318,1
1055.687204306975,1
987.9902081748339,0
1171.4466559920952,1
771.8960033944593,0
1054.0852648030907,1
1316.5438948274136,1
967.2692670127749,0
1213.0863863146374,1
1024.4217527422259,1
1169.4121837358784,1
863.4396697350876,0
981.1785706265632,0
869.0230126134775,0
1135.922749091983,1
1204.4976768753256,1
981.5673597345491,0
-242.42923260642874,0
1150.4928769133014,1
1145.9470542644046,1
969.6748432771269,0
985.3179572866104,0
1056.0921751889803,1
930.0765120511082,0
965.1032370564122,0
1423.3990060795918,1
1149.530216488406,1
1010.102406440116,0
833.4987815911295,0
1056.98550495712,1
948.0468285574353,0
1149.0445987700696,1
901.2881480095425,0
850.8329844343378,0
1338.984118936107,1
1337.713412842368,1
1322.2645187311357,1
1074.6552592854505,1
753.9989166034354,0
1231.0949584882073,1
891.7936477835976,0
918.7162839878284,0
1122.4562745167757,1
1369.568981011844,1
1062.7950271661616,1
1187.5460660777467,1
995.0284018545922,0
1122.7574289401812,1
651.9842432626469,0
1107.490848117061,1
912.8400169390218,0
1062.8211261747015,1
1222.8948875808173,1
1166.799215092611,1
1288.5391500935186,1
991.5775989460041,0
750.2917187718065,0
1013.0880524918247,0
1380.375375073933,1
1185.4793783041216,1
916.8862061226309,0
988.6314934728808,0
1202.0433821540037,1
969.7838371506997,0
1206.1562429759954,1
1173.6434036964679,1
905.3489116686128,0
931.5900177093603,0
1148.8030158647377,1
1431.4955292809636,1
993.2049816875857,0
1131.591353093797,1
955.6530987909197,0
1037.1086902298196,1
772.0064222306664,0
1000.360143666945,0
1046.1034760928442,1
818.1876029273577,0
1174.6528381755916,1
990.5680266329135,0
1060.287615092888,1
963.5428511964122,0
1060.7184688254672,1
1019.702337295071,1
1171.9234498692267,1
1080.931732151638,1
1069.5301295089396,1
845.7725834511375,0
1173.2065613482403,1
976.3909468846371,0
1237.1989679182557,1
983.4647728321024,0
1159.8037385383286,1
917.5939360248664,0
1169.6280977355327,1
1248.507055668938,1
941.9174026174061,0
1028.9588446156056,0
800.3022495167833,0
1125.219322847965,1
969.3380218821588,0
1280.4864961394524,1
876.3681250446978,0
1031.5284241145582,0
849.5209836096365,0
967.0218914548166,0
1018.5555468031761,0
902.1252416357192,0
984.9946524261513,0
1110.1066172867206,1
1174.507649420871,1
1377.3786714240923,1
1050.201849341975,1
1435.5376841560123,1
1041.419849074426,1
1263.1859876054032,1
914.8890376068391,0
1472.8679511992505,1
1092.4611043236773,1
913.3137335142378,0
1278.9914225707903,1
913.0217776836736,0
1045.3477923077926,1
1213.3237203546291,1
863.1862801621753,0
1324.1567540891472,1
1300.1019716702813,1
951.6880151582726,0
1359.0828876801047,1
1313.48707053998,1
1381.580561012567,1
1098.6299175132824,1
927.6903956735896,0
1183.5974142012337,1
1203.2916497091746,1
1012.6654716518441,0
-188.16059362346004,0
1008.5704652333479,0
799.8979982987639,0
885.764301077234,0
928.9533755319751,0
901.7038094308363,0
1285.7703727655085,1
964.5366210709947,0
927.8276162250446,0
907.8792366782542,0
962.4429419502856,0
1216.6846025132202,1
1085.7793759013343,1
878.5863564346124,0
1176.79340540238,1
998.0024187029187,0
1129.9227994577464,1
1286.5264704818683,1
960.484117992049,0
1113.1171080246036,1
1267.8063377070464,1
888.2039170638097,0
992.3597976228805,0
890.4002803845718,0
1056.2669650963257,1
949.770377479125,0
1094.8063636939264,1
1131.2027755943122,1
1333.2539169001748,1
1038.7990205505812,1
932.6205804296907,0
918.0210469651391,0
1114.4213302687797,1
840.0740620306979,0
1299.1099620624036,1
1137.3602358779985,1
1043.6715344755132,1
918.1374877003665,0
1403.2364037422944,1
1372.3402906203323,1
969.3997678205991,0
766.6271717488864,0
966.8012747315364,0
712.398889020499,0
1173.4289362694196,1
1023.7937233297123,0
1154.9825536543817,1
1076.9719371632716,1
1131.050791761242,1
1116.0230560372083,1
1501.435127325025,1
920.2839905427488,0
-210.31197179476408,0
1120.2979694239443,1
841.7998314218131,0
1019.1038003691054,1
854.2689541700197,0
1351.8353442479322,1
1024.1884828546397,1
805.2374936457629,0
1450.6207396305633,1
1095.403613145817,1
1248.027610943079,1
1368.6982947993145,1
1008.8720110921569,0
976.7136379618469,0
1014.9977424041012,0
968.6908425101171,0
868.0191512811411,0
1033.615302633876,1
1612.625465703928,1
1146.3749406242694,1
884.2247389685949,0
1286.0954867310095,1
944.5420839316182,0
838.2569934973299,0
1062.5861918793432,1
1285.4565384263967,1
871.5166405003316,0
1348.557408957852,1
1031.2160477220634,1
892.3648634034203,0
927.755875301487,0
822.2916845689224,0
895.5414934639198,0
977.7186466572417,0
-224.14139386048328,0
1085.866587302622,1
683.9978963957553,0
842.8818053286166,0
1416.6794267778844,1
1057.624324773155,1
1467.6823118478342,1
-227.77274427992597,0
1481.3507648462914,1
1333.762968170516,1
793.7418613688319,0
1101.6450901208111,1
1187.3797372880558,1
946.689088859249,0
1337.272530187597,1
1207.623644553279,1
1256.1868702932838,1
1203.5880199795351,1
1148.8306297320232,1
1034.9360281216075,0
1046.399118105642,1
-158.26485371634044,0
895.6150896587033,0
769.6596598543464,0
1008.4407983648125,0
975.6845770889302,0
814.7423293836398,0
1159.988110512515,1
1474.1416489212652,1
1202.0656936692044,1
-221.14805501021624,0
840.8284139479549,0
1001.046308708003,0
786.1412565918574,0
1479.9681660964757,1
1077.0461659067976,1
737.0615551961671,0
951.0063813995465,0
1115.8783644715058,1
-53.157545812224726,0
1224.9866208087165,1
1248.4888398888916,1
765.9873950778152,0
1072.4365956711501,1
1031.7244613487715,1
885.7670232509053,0
1213.9824430300062,1
1090.3798315671083,1
975.4512363057659,0
1310.0183080095164,1
1619.7861191727648,1
1101.0788723608202,1
975.998601265393,0
1140.1216191750716,1
1293.3631288206889,1
1196.720605090937,1
1352.2176051152087,1
1561.7454662656075,1
1348.3199451783876,1
1030.3568024698034,1
1416.645408338987,1
821.7968802693734,0
805.3734292439494,0
945.0781767855497,0
901.3568407414896,0
1404.1947627788468,1
960.5819119931424,0
1609.2736829941077,1
883.4304706269943,0
1207.046110514338,1
1042.8551074558259,1
1301.1077833385593,1
1028.1275339205495,1
1030.6049406741618,1
1474.6325173277132,1
1020.586601816733,0
-198.04033941710236,0
1019.0020592375579,0
953.0193888554898,0
1048.0108501112404,1
1007.6242104591906,0
1150.758458489521,1
1193.9651063399622,1
936.0282697753041,0
1231.482964630485,1
1473.2742693739362,1
962.6386726639796,0
1563.6514645432849,1
1059.3174867269913,1
1341.5444188576237,1
1203.329888910123,1
1039.213698577059,1
1302.1354075511404,1
1046.5838388110312,1
1066.9615373271515,1
978.9077148074663,0
1030.5974235901076,0
1057.7467673447786,1
1341.0772720161942,1
908.5264981149676,0
790.411466845454,0
1023.2676769136864,0
1164.0537544511394,1
1084.3421480546833,1
1028.5182465673638,0
847.6563987301411,0
1001.5692294065452,0
903.95836353657,0
873.4391240297159,0
893.4140270500221,0
1026.5415022768902,0
1372.8477460469248,1
1178.2540388242214,1
1360.9145427912877,1
1275.0841875842796,1
1051.1955035970814,1
1448.5208956789365,1
1295.86218778084,1
1379.3624338298712,1
1275.4255890437312,1
1230.0000482987766,1
998.622209604186,0
1466.6536489492287,1
1018.4386332135109,0
1107.9807719771015,1
890.3252034823464,0
1139.4525724067316,1
1327.6741551212695,1
1198.8637473973504,1
725.8851648116865,0
936.8339954555515,0
1138.9702696230866,1
1023.0972136424622,1
1279.0780613911775,1
895.7674108275355,0
1212.5427209952213,1
940.985618419924,0
690.8962583258738,0
978.9381421456255,0
1176.7226884787951,1
1031.7647834418296,1
996.5099423423242,0
867.966490289241,0
1069.849381201211,1
1131.9175190546437,1
-137.67230826258879,0
-143.24617902781324,0
1329.435361308277,1
920.5009998500415,0
1025.1960538766712,0
1141.041558968597,1
1453.8228664494598,1
844.8770262580204,0
1032.4175973415986,0
1117.198154364014,1
1254.0437692333155,1
1159.1610292547732,1
1094.635031864802,1
1290.2387360437856,1
1178.928952508324,1
887.8238220315241,0
848.8099010372043,0
1046.8143593407365,1
1029.9713391092669,1
1217.0783243707037,1
1230.5009692825165,1
975.3882192770839,0
1087.1577362525352,1
1024.6371351463192,1
1020.7028213536468,0
1078.0397159117204,1
1386.1600349531323,1
846.7629145808766,0
1089.186246111658,1
1419.0730026616986,1
1453.5598964136902,1
832.8592926857142,0
1322.9655124471044,1
852.1144619839919,0
821.1560095709137,0
906.912723359105,0
1095.8470935703806,1
896.6561133811533,0
1024.2050312648325,0
1239.369200641837,1
-179.38364677149502,0
1225.5645139776589,1
1330.3169944443923,1
1181.419175176436,1
886.6807347909898,0
682.3384871445443,0
1157.1199576158956,1
973.8568242072037,0
1355.017345216095,1
957.8605949232556,0
1235.0650832163333,1
894.7150141790189,0
1026.2556811197467,1
855.3712351676583,0
808.4244099093821,0
1013.6524769680614,0
1051.4926127763486,1
1244.696576214486,1
1052.1392696741843,1
1068.64897779627,1
755.4031239097337,0
922.1882730526999,0
655.2198246283772,0
1617.3216563005124,1
852.1466183926276,0
1068.5466675579073,1
1206.5708385756564,1
1221.7807822401037,1
850.1075973346299,0
699.7102298520724,0
1316.854257366451,1
986.4380400713528,0
885.1595732509452,0
802.0116918996696,0
870.5705990150465,0
957.906039801886,0
981.8640857748243,0
951.5736155271061,0
1220.7683133041478,1
800.633146640657,0
1264.861163896402,1
865.5018108704204,0
1000.2084712849288,0
1081.6351293478547,1
1012.6078911635727,0
1041.4124413480029,1
1268.5312008845322,1
1262.543845791321,1
755.1732489192057,0
1057.762183699409,1
998.9400248238321,0
812.5202048648963,0
1374.4382332013447,1
1040.305289730941,1
1019.281162229569,0
1073.51165025802,1
976.9827125387385,0
861.7888198258191,0
988.055221599561,0
865.7121446585759,0
799.0393121187623,0
1539.7781757558266,1
1125.746838731908,1
1010.6910589779068,0
-175.55240200482854,0
1040.3365258216013,1
1110.8256194271166,1
-242.42923260642874,0
1136.9199567798441,1
832.4745756163863,0
1053.0260865838557,1
1029.0498144322253,1
1201.7075457815504,1
1267.1496492418373,1
965.7139249429789,0
1152.2352769163126,1
1107.9318016848415,1
1133.8984352748919,1
907.0273084955353,0
920.4686387946573,0
855.6597731875345,0
1517.5084544190863,1
886.341859927735,0
865.5735447989102,0
713.4233653708051,0
1128.9681719389396,1
1017.9803228433302,0
964.8619501205043,0
1173.9827777489231,1
1044.6901207333487,1
1182.7543835448384,1
1059.2158373304028,1
887.1518776483261,0
1121.734248941375,1
1365.2574657908121,1
887.2276051988284,0
1165.0814498281707,1
990.0860067454882,0
808.0469173662752,0
1040.6336413087192,1
1342.9541604914987,1
833.1471746685158,0
1104.6940371428361,1
1126.5833173826684,1
850.5062829576348,0
1342.1958112419882,1
1323.469453522307,1
1462.3112466174277,1
1344.8911266647726,1
969.7922125708458,0
1030.7814125097211,0
1113.05063920537,1
974.0323173903876,0
1316.2134920260355,1
815.7596447264311,0
746.0137296245853,0
1099.266621068047,1
1555.4203807924175,1
752.5122614332917,0
1034.1596810879025,0
-242.42923260642874,0
781.4018187650697,0
926.1806248853914,0
949.6699114105701,0
961.2353482133939,0
1290.8248368201873,1
901.8213415302512,0
895.4519346299156,0
791.6717639991585,0
1144.1949943596958,1
-197.795132170324,0
929.0075483483843,0
947.0009091343733,0
981.0342209446741,0
983.0380410295663,0
747.4510776007419,0
886.246554904304,0
1403.641294130377,1
860.2458054838745,0
1346.5704776124785,1
923.3849518343378,0
1237.2082684666227,1
1057.6488108730655,1
764.2302376490718,0
1134.9325642564538,1
1086.7316668138474,1
1065.929613911202,1
940.3380662012917,0
-242.42923260642874,0
1091.9821613077322,1
1588.184549253337,1
1730.7230397622802,1
945.5019991466904,0
1007.6403820423676,0
-222.4051185651499,0
1417.2345492711202,1
970.9287523019584,0
1042.6672416037454,1
1129.6377903924076,1
1027.8658286124937,0
976.6856544640027,0
810.4005212329253,0
1048.4313357324286,1
898.1794089869193,0
1509.4817904890917,1
1114.4810942612228,1
1180.6185172424691,1
1016.7308579708496,0
953.4331579841535,0
820.8581794270762,0
1267.6450099420147,1
1315.3169241854823,1
1010.6365465706954,0
1179.0888619801606,1
856.9805152186183,0
982.6152509721296,0
1016.3438678692044,0
1206.0661740140945,1
1059.0981964077703,1
928.0450740210712,0
917.2511858599901,0
995.9014595946363,0
1147.7929825865613,1
925.2693654829757,0
939.965215794946,0
1212.9550794391414,1
1038.9023343740464,1
1018.9264344259483,0
891.9397005726702,0
1329.4863926372313,1
839.1879363098204,0
905.237313466482,0
786.0431805496355,0
851.0729617606585,0
1149.7065922520558,1
965.0086055592919,0
1154.5314853814534,1
841.1830745474226,0
1391.4805526204582,1
1028.140932736758,1
1035.0890950447556,0
856.5199198783782,0
1137.175081869082,1
1158.4395877121426,1
796.0866726006284,0
880.8269542340946,0
966.5400909191983,0
1098.41067524829,1
1211.087201731293,1
915.729368653839,0
907.9929180312295,0
1055.8936915040263,1
1157.3413112572305,1
1119.0762340808444,1
1510.647599842985,1
1102.1018671031702,1
1041.1479807221458,1
833.1202575664757,0
-104.97346552154704,0
853.1040842677951,0
1599.9832406181708,1
1118.291545924478,1
-221.2309702421935,0
833.0777363489103,0
882.8971792674732,0
1598.1731166613486,1
1682.611435756998,1
1460.7313782138308,1
1707.8498826617115,1
-209.71682396861274,0
1353.0378275249059,1
1149.0351989140904,1
1002.6072416880916,0
856.6830361489046,0
875.5248051073805,0
1124.1985400326737,1
1200.10395240016,1
1073.5535423305623,1
1048.2884479212948,1
1292.188397348731,1
949.3081615566937,0
985.800944024599,0
1002.8395459729322,0
852.6120923415942,0
1078.0058442064003,1
956.9033788740012,0
1182.380307554734,1
1090.5083783637567,1
1114.537201605427,1
1055.9452379329548,1
958.906910477597,0
1165.3503750963343,1
979.5676295959086,0
1150.271324224121,1
1384.773505634853,1
863.3263544363563,0
1438.3155538142428,1
841.6292823964893,0
920.685761396932,0
1073.6938462348369,1
-157.49106615091,0
1443.4405583964601,1
1283.3267763768758,1
1083.6001725765645,1
1043.5266750402677,1
1379.229566230297,1
1082.6116414668586,1
1418.5876184838448,1
909.8226991603938,0
1067.768843131419,1
867.4727694213683,0
1366.2614227426202,1
930.2890081572532,0
1395.4150146441305,1
935.9043374253606,0
1096.6987735829402,1
1308.217556372629,1
-187.656434693959,0
931.3957056424445,0
1423.9668715030957,1
981.3962680746075,0
855.6202084237513,0
1400.7636988063914,1
1081.4757311191468,1
1503.0480336032474,1
-222.31939107910148,0
1153.8468697349122,1
1267.2576694012869,1
1110.4823684124117,1
964.2432844747472,0
991.6540017581891,0
876.6333037149222,0
1165.4327095021304,1
1382.8733396309851,1
853.3126415638304,0
1145.992119234452,1
932.9597516523895,0
974.7694146825646,0
710.1959329082489,0
1266.597339911254,1
1225.5074233010341,1
985.4340050337614,0
1138.7422062700718,1
1564.8175530344513,1
1030.4753525876447,1
-242.42923260642874,0
1090.2397004560246,1
831.6812892563893,0
1165.8261540745245,1
990.4560153212533,0
837.7901155113158,0
1225.259385780939,1
1139.0354847757037,1
975.2214784985928,0
1191.891778474313,1
962.5695401426403,0
1435.9401146861985,1
1170.368936175667,1
939.1939002224302,0
1557.3194022079524,1
1075.4140054177976,1
1349.209498019106,1
1238.8997359128662,1
1001.1699979261584,0
1413.4420686889612,1
1048.092980914591,1
1090.7822404608978,1
1029.235182464799,0
-203.92654842927732,0
1193.1693657748378,1
1380.736160287846,1
1069.8159315986002,1
1575.5686937498017,1
1052.8174845431079,1
1211.3522452418329,1
-219.89520983638954,0
873.4914006403889,0
1412.8071705522789,1
1447.919986706831,1
992.0379781735405,0
1399.642511501417,1
670.1298135610984,0
915.0303148866066,0
1017.1977771137255,0
1047.6518212957824,1
1080.3354139131534,1
1251.5920303359226,1
1423.5486654580725,1
1382.6238248193274,1
1053.884471387887,1
988.3860329177542,0
903.3062255363255,0
1065.3237365664384,1
970.5492740430125,0
1078.555831657231,1
1032.9876184075788,1
1072.815119433901,1
1227.586760887392,1
878.3639787460895,0
1130.0782136993962,1
-222.13845631529512,0
-242.42923260642874,0
1004.2880561052136,0
765.8674959683667,0
1062.560635120211,1
-242.42923260642874,0
993.684394625179,0
959.8898922647053,0
1051.6418266907715,1
1008.429221001911,0
933.6392265063694,0
1083.6862579760443,1
1614.9138298634311,1
966.3902515827891,0
1104.5178201650972,1
1008.1778632695169,0
946.4493830048804,0
1000.4298121142748,0
1025.8984518699824,1
1031.026735460248,1
1055.036053584262,1
1206.2547507256852,1
1394.8976286252434,1
1139.4483610920702,1
919.8574046234678,0
888.6378682925792,0
940.5217257482977,0
860.1080947696471,0
980.586302786132,0
1356.966699198409,1
-215.6866281447185,0
879.2605279933216,0
815.9616048645918,0
1102.0724225298507,1
1099.2601824518626,1
1238.2657791312406,1
779.9403364989718,0
1260.7666733160067,1
1049.9457804676485,1
1096.499205732802,1
909.3194420010253,0
780.1625003316764,0
729.2845314060726,0
1107.0475900574181,1
1215.177931698906,1
970.4306628679237,0
1020.5723943687996,0
988.2832040811082,0
1117.6106779432978,1
1149.5107617131168,1
1276.0536285308644,1
1054.0333090608158,1
-213.77467949618085,0
1088.9032082703977,1
889.5723981198777,0
895.5389553419395,0
1311.913721844854,1
1574.1908781008076,1
1571.731705372567,1
999.7802621277165,0
771.8292532243473,0
1430.4839452328333,1
1316.8895586336319,1
1038.674016968226,0
1154.9272211037696,1
855.8933923727254,0
853.3110798054676,0
976.7934175983037,0
1273.1075615983646,1
1056.920015339926,1
1011.7002833530556,0
1340.6765303667703,1
-222.88854868665658,0
1215.8824074521624,1
946.2814182526339,0
866.2361149026244,0
1249.6905064093605,1
1105.1635926332606,1
1431.8939309040054,1
941.1212386763402,0
1080.0473184632417,1
971.4145752560484,0
1042.534588981511,1
792.6531443587364,0
-226.21599762136316,0
-242.42923260642874,0
1061.47890685888,1
884.5435472689888,0
830.4667011267213,0
970.3057271319144,0
1064.441002741167,1
1118.9246190710394,1
874.4526743772525,0
1176.7294557080118,1
1175.3516395580116,1
1404.9877757109198,1
1362.4882760355301,1
872.7511320811014,0
1058.3777751013872,1
911.9727813663186,0
1176.6138060882367,1
1103.7236708478708,1
847.142274282653,0
1028.9958094281126,0
1022.5042415258785,0
-122.18396717590531,0
1100.0013541375636,1
1259.5530899821788,1
1214.7020483825147,1
1315.698015502795,1
1378.5162978014882,1
1487.239493701066,1
857.5901538866581,0
910.1014025194906,0
1153.8079295793445,1
941.272196290325,0
974.0270679016542,0
1095.587031433072,1
801.4176988748461,0
1516.388814953263,1
1255.7134418036726,1
1206.4876617327313,1
1072.8275379184056,1
1062.2948473786453,1
1149.988628522186,1
957.8582126158021,0
941.0765921408249,0
814.2416642563489,0
864.7329802162953,0
886.7454317244894,0
1101.2479680186511,1
1043.811856943039,1
1291.2147329765817,1
968.6072234347738,0
1019.2489592220318,0
1040.9219264439212,0
907.2168036370797,0
883.6183518323951,0
1304.9139319398341,1
-141.1023582077721,0
966.4688197395707,0
1284.8855401353078,1
1127.4269273641269,1
1146.7435351697868,1
1175.6890703352672,1
1207.0621646213226,1
1248.2358385064067,1
653.9872488980914,0
921.050273452912,0
1092.1512083545667,1
1098.9558090219246,1
1390.418440544243,1
-216.74728953845351,0
1354.5984769484014,1
1119.2514699401868,1
987.1362000409151,0
1168.6399085034086,1
1315.0251861397053,1
892.8751524582606,0
1269.4073671260658,1
1276.4072584818387,1
-169.50213175327576,0
970.9971046054667,0
1550.2730026035904,1
-137.32470361237074,0
990.8729193519455,0
719.5571694860662,0
1098.3682714120869,1
1165.7703556171462,1
1052.4792777192993,1
784.8116858386188,0
1051.6895940861696,1
1087.3605220230304,1
938.8205819277919,0
1053.5469777871272,1
1044.5862823231364,1
-119.60935731609698,0
1063.8976332711754,1
827.5546417501143,0
817.3692391806421,0
1187.696563638398,1
1084.1659594688135,1
1512.3982847765596,1
1035.974466415873,1
1068.7497202346694,1
1284.2574991122624,1
1100.466707579642,1
1116.7467149350696,1
960.1642412313454,0
765.5552739015781,0
747.7397768994097,0
1420.474166704456,1
1721.516155857294,1
1474.2314413905501,1
1041.3881990552422,0
1349.0366120601864,1
1191.0963275695535,1
1062.7766971958001,1
1100.742189801175,1
1291.6596362617465,1
1268.6862424975568,1
777.386033235756,0
1194.0377905423793,1
1363.5456481606764,1
1256.2276378640518,1
989.4773007316192,0
992.3229932882081,0
1264.5242738197167,1
918.666281921384,0
1197.4929671437098,1
1532.2970312389916,1
1090.5786434037386,1
1128.2007884199234,1
1251.9687364792558,1
983.205936304552,0
1000.0738418700854,0
757.1619242815905,0
1054.672247999682,1
1206.2497298641817,1
1264.7486764446205,1
804.2898991723281,0
859.8909924504159,0
881.7735268947512,0
844.4052444642285,0
1396.0731772095035,1
1033.986724200917,1
-200.28957350169185,0
1009.9346133048778,0
1012.8727350553937,0
1124.919821920957,1
1097.5396718163395,1
1044.5400158509897,1
1074.5818478011186,1
1262.1477979699473,1
968.0287201277409,0
1066.9948890499527,1
966.607482685934,0
1268.1628629941047,1
1145.719170583769,1
943.63348821874,0
1025.9422268018209,0
1466.4618516480532,1
1272.0036837916548,1
1087.6319178060044,1
1013.925919047707,0
976.885765893855,0
1000.4580678220291,0
1018.3176627662114,0
946.6491887830916,0
1251.0237123200436,1
836.3674413114508,0
1426.7208603411964,1
990.6712298644643,0
1375.2781603418618,1
1376.1218514017519,1
1397.9384243748593,1
-228.03659427570938,0
-225.93423107165677,0
1188.0181647174702,1
883.6809075569929,0
877.9385518907724,0
820.6834799371775,0
1150.3500513733416,1
997.767507807628,0
1341.6084619031285,1
981.5718796465579,0
1219.0631145684592,1
1322.4877864386635,1
1510.1448068790082,1
1260.051737423052,1
-155.99384779426214,0
1033.3928481874514,1
-242.42923260642874,0
949.695504715415,0
984.9820758029514,0
1059.5613213093268,1
1220.9727524120774,1
1141.632771414175,1
1019.4975161476625,1
1018.1511310902915,0
892.4506334298591,0
1058.6597069937695,1
1171.691813855165,1
896.7031418938561,0
1590.0153299205663,1
1323.4494476041555,1
1268.371447384051,1
967.238597334735,0
1631.4217647607895,1
881.8806754449026,0
825.2184399407254,0
1340.0512915154616,1
704.8564474782595,0
1134.6247810121915,1
772.4091770257262,0
1015.9092769472603,0
874.5718505743729,0
1087.022560853488,1
824.3827240483984,0
1045.944893417462,1
1201.2959022912157,1
774.8420792706767,0
1482.6349256241351,1
1137.9278116885441,1
1061.9447379002613,1
862.6828447413061,0
1259.4197546828332,1
1118.8283913684281,1
1394.5977436516769,1
1370.538158678819,1
1137.8322870067695,1
789.7004698263461,0
944.4460959933717,0
1319.0162189876185,1
1144.739395076304,1
1571.0684670103292,1
1066.1122216433982,1
1194.4102650476286,1
998.247605010533,0
1109.1591298593996,1
961.2284515034331,0
1134.2904386858067,1
866.2251790470996,0
955.1861766721119,0
1087.7033548131335,1
1058.8672710821854,1
800.8633144706207,0
1417.5861570311815,1
1361.6960278977358,1
1065.1997991731748,1
768.1904436015038,0
1193.8177662482437,1
1157.1430682230025,1
1093.2693595397864,1
910.1945870464365,0
1561.9768911828096,1
933.3477876943579,0
1006.271583087094,0
1434.4864265252709,1
1021.7099868075355,0
842.6446259523267,0
1055.057113426985,1
1451.7458750291362,1
-211.0286802148098,0
933.1947505682579,0
1094.1505938075775,1
1012.996460157595,0
1102.206369364002,1
-227.63326713210859,0
1745.415300553454,1
1218.66500683404,1
960.1754120805147,0
1416.005051082956,1
825.8786047117162,0
1076.853303853687,1
1322.8011333545155,1
996.6309486001109,0
933.5928036993689,0
-207.73883361252615,0
1023.1041121247894,0
909.3099937231552,0
1182.5929689846062,1
977.1060431867221,0
1297.2910778355013,1
912.3323122556419,0
966.6029667395668,0
1018.0225592647506,0
1139.7846324822833,1
-204.01436197431508,0
958.6689712105896,0
842.234256525791,0
1142.198094982243,1
867.8928131665994,0
1204.922835599881,1
1020.0058054611325,0
1293.6942914486845,1
1088.5881905356514,1
-194.76174183110402,0
1263.6291374700713,1
1159.5840572129518,1
1095.8458110451722,1
935.2400641157392,0
1079.3863663307777,1
1193.2138389543009,1
933.2235605439843,0
1291.554500861311,1
1147.1560718283179,1
1179.0230719060114,1
1090.9897330297545,1
1088.459218170211,1
1170.3670705531079,1
1023.9577647377126,0
1423.6718120110665,1
1041.2583592160279,0
1018.6485440933664,1
1093.9151674898383,1
1041.496006283092,0
1579.0162342425242,1
-208.2190883824203,0
1189.5401632748176,1
1072.9260328559617,1
1166.7127968612854,1
1043.7845570444647,1
899.1761221366642,0
945.4486164020739,0
1249.1241984841015,1
1209.0833550667523,1
1042.5159175891947,1
1157.8836451812317,1
1040.7976193446868,0
853.3237615589798,0
1210.6617020836723,1
758.3032392130449,0
982.3711854116963,0
1513.1965103222183,1
1101.7784245139512,1
938.7854634806457,0
1033.8384469026166,1
1020.1004794327641,0
948.2884231603726,0
1030.1760856704093,1
-186.98785142753923,0
1381.3819826426095,1
1257.0424782379082,1
-193.29212878562544,0
904.2605947210203,0
-225.26705393227257,0
1420.3739771570354,1
1166.610867886616,1
1293.4333523283797,1
837.5486914802898,0
1142.0200448785022,1
1026.29362127401,1
1231.345702506319,1
970.7263773589191,0
1094.592435728684,1
995.4606863506045,0
819.7959629035481,0
1248.6217459443264,1
1367.8796861558053,1
1009.2328823274411,0
1131.4253442980853,1
984.8742490129114,0
830.5278705012912,0
1075.3002170342454,1
1011.7477661349798,0
1070.69315548012,1
1000.550449454553,0
1132.4994180390145,1
1215.1187388362823,1
850.5030479679132,0
1071.8100737216419,1
1409.9326476735268,1
1507.7488231159978,1
935.3947556861192,0
1337.3534605273717,1
1343.5240703002255,1
662.1963691193026,0
889.4574576483319,0
1044.4578181360173,1
871.1577887634269,0
1101.9007706615266,1
1075.1462298547626,1
1328.2266312111606,1
1030.9807313882732,1
793.1590438865826,0
963.4704231352323,0
1083.5225800351004,1
965.0946669543721,0
1123.710875998962,1
989.4122301770898,0
-157.20382922506428,0
1043.869277022191,1
977.6444881156151,0
897.6585180274026,0
-208.45694815960746,0
1308.658122520985,1
1349.1134580916998,1
847.4029783102769,0
1258.158198640091,1
893.3935183609385,0
1043.4910236781707,1
1210.1841896941578,1
1646.2268658988278,1
894.143507611804,0
1002.3520914018397,0
1792.3910828439198,1
1270.9435342139923,1
923.3037447848442,0
1130.7930574435707,1
807.9874481425848,0
772.7961954831167,0
880.6539485128742,0
831.6192259972681,0
816.0916961394958,0
1129.167870333273,1
1375.924468943445,1
945.7245340551942,0
947.5681514331469,0
1177.0872351705862,1
987.4620967006948,0
1294.2723763878375,1
913.5998315359975,0
1340.4857212970699,1
1122.9814358569292,1
1180.4659794532843,1
954.8710629616412,0
1374.621223842385,1
1096.9875806124285,1
1432.281382216298,1
1057.6589388851148,1
816.5589181957006,0
960.1901705112141,0
1363.1273191927016,1
826.2918357527075,0
839.0566553020212,0
949.4670538562181,0
1148.9006672503433,1
1751.9061861706064,1
1115.6360691519988,1
1357.845755068752,1
927.352367751482,0
938.8616937056726,0
1101.4292284704684,1
908.0452665729887,0
1156.1412741493107,1
1363.1563411129232,1
1144.7035524963876,1
660.0798031961555,0
1367.9836356421301,1
878.5800988351555,0
1296.5601819767887,1
973.3973201707472,0
789.3782937206774,0
1054.311483000385,1
902.3787631122191,0
-242.42923260642874,0
991.8508182099433,0
1125.675052618329,1
1122.5305423538332,1
1027.4563714126348,1
1091.4978748957978,1
989.5175189519664,0
766.1628554509705,0
1334.5781704313,1
1088.6087574173043,1
876.6365055606243,0
826.8063361190384,0
835.057235901021,0
1019.7591387191146,1
1287.0210057874842,1
1227.1497602961065,1
1036.6513820966634,1
1013.6745097996552,0
1305.7383680823323,1
916.3066439918795,0
1022.0050431895235,0
1243.6156116652594,1
1315.7302316789326,1
1252.1893831083653,1
985.5655662891561,0
1481.9174473775934,1
1357.7584429377025,1
888.7206598293544,0
-224.79872811061773,0
-242.42923260642874,0
1438.73202908017,1
1457.9906914521653,1
1602.1920816886218,1
1046.5623617188903,1
878.6525592005644,0
981.0600485689662,0
1351.54537363475,1
802.1687858305238,0
-223.3361457003175,0
-229.59755931537939,0
745.5792990818727,0
1177.9313512244794,1
1730.1703742237914,1
1032.394170120066,0
1213.1864673921643,1
1017.487672229676,0
1537.7233564467087,1
826.556574204102,0
989.0539688004999,0
980.0120231532455,0
1074.0439434099756,1
916.8731476289465,0
1161.9634818579211,1
1505.8843080288798,1
857.5160987200777,0
1070.5009526248446,1
991.9094760493816,0
898.4801353039768,0
1265.5574068712986,1
879.79003580004,0
1025.8047655878725,0
1139.0566977546557,1
858.9020911012199,0
739.4811765438939,0
1103.9705452290516,1
1022.1622275434953,0
854.4051415919229,0
926.13008883017,0
865.1660105986434,0
892.5442140533721,0
1126.9138762855198,1
1286.4529024607793,1
1396.7040195023121,1
1448.0558195371368,1
1029.464046350847,0
910.992374781371,0
1437.0854417916444,1
881.049217450776,0
1135.0783068636367,1
1127.533896547145,1
-222.32220333317264,0
1242.291616920175,1
961.380584122023,0
871.0780486796388,0
1306.503034852418,1
940.0334341882301,0
1307.384871022391,1
1145.501567190973,1
1056.448701398978,1
1044.7560705300677,1
1171.137712149859,1
1103.6446277498158,1
858.6958389494479,0
1210.3935753006704,1
1069.1335995397073,1
842.9385402563233,0
1163.5561287307519,1
1344.8738131586026,1
1031.0095427401616,1
1062.5829481011326,1
608.9949557927009,0
1211.2629708738787,1
1058.139297485886,1
987.6039386761702,0
1462.6545339383608,1
1241.3974741052375,1
1271.998420776217,1
1169.217135959143,1
1379.7404910227458,1
788.6302263587178,0
-223.51286208301644,0
-184.97262183657085,0
859.4185767648042,0
1223.91074718194,1
1022.0075710428301,1
1555.9428235209953,1
1135.3237132207685,1
1067.4381070679165,1
1288.684454321409,1
1004.1486336820727,0
1178.6371886701866,1
1199.0991457306166,1
818.1445615598228,0
1017.0033162710768,1
1191.0691361726388,1
928.3619103852966,0
1334.4674409187335,1
1143.3118329743902,1
1361.447640614185,1
997.9820799386067,0
-242.42923260642874,0
1134.1771225378964,1
1286.8692345459904,1
927.3404981646679,0
1011.631866249958,0
894.1413604394254,0
885.6789143501434,0
891.9921558179872,0
1377.6880767600728,1
991.8946878820419,0
885.2817888271047,0
1177.5561797559326,1
1437.208495914491,1
-108.1163029480515,0
1269.406885751214,1
752.9201461988888,0
-180.67550040478,0
1006.0399165971953,0
1229.5794681624043,1
1070.6097409992824,1
1138.5915122232136,1
859.3199583906435,0
789.3702617862615,0
871.4441512883025,0
1084.0678520973006,1
1032.9122234609906,1
981.6935788975338,0
1449.53685105094,1
1245.6807552517068,1
1097.8632666313645,1
1048.851775418231,1
1206.4182387468734,1
1032.3470012549624,1
787.2796347188691,0
1395.0247413679622,1
1044.0992767620642,1
1059.8790955499444,1
1018.6869854986913,0
917.3631023796561,0
808.2371169019511,0
1316.5347195711065,1
1149.9641345320408,1
1212.1635678499576,1
1162.7638244339694,1
1267.8465266711542,1
957.2177589322215,0
946.7319324545373,0
1042.658333543163,1
1338.6040625627572,1
1009.1610280470204,0
1002.924340359069,0
1090.9466385532728,1
1287.7435309989105,1
748.4007862929947,0
1017.4229875608065,1
1005.0607406397032,0
832.2395008991867,0
919.2924841790964,0
875.3102666015553,0
1148.2837385850994,1
919.7245890860821,0
1155.7582521417512,1
1097.8722462004998,1
849.7330403319918,0
849.4883205374783,0
830.3613059629051,0
1141.4917538159193,1
1048.806309511289,1
1135.9065077636835,1
1209.883195395905,1
1654.1935621407715,1
1042.8668130423578,1
986.2718510234694,0
954.3522898261597,0
1115.9712687857416,1
944.2337158683916,0
982.6844205429006,0
1033.6416205699527,0
1023.0353946339153,0
-227.95789742483908,0
883.5465344739908,0
1126.4260929693571,1
891.2709978854448,0
1020.7673155394264,1
844.212943640222,0
1195.898350624034,1
1082.3272803076936,1
1254.9433653556216,1
1248.9695057820256,1
1206.1152263104195,1
1123.0027324377058,1
861.176837376898,0
804.0631443529682,0
1453.0532350683256,1
-150.70632505739195,0
-228.30044427149278,0
1062.5436734495781,1
1120.0261716066018,1
675.3898401102888,0
1239.5297722579594,1
1159.3720049359003,1
995.480256457723,0
1204.8746986830888,1
1583.3545897274369,1
954.2952323350806,0
747.6634873215016,0
975.0176868383998,0
979.6306475866331,0
909.1263160367594,0
1078.4507969541016,1
919.9769338537989,0
1313.3162736328547,1
1045.4079397346552,1
1048.145746133072,1
781.630677547392,0
1108.430293294273,1
980.2747444713543,0
858.6581509593657,0
817.375606613044,0
920.2520570684069,0
1106.6408512806186,1
1053.7208994458347,1
782.2714440713182,0
1177.8142654064632,1
1247.964292296752,1
995.8168816025428,0
997.719258775376,0
870.1831882310394,0
925.7541611577259,0
1259.8233523127392,1
1064.6961470451279,1
1374.959716163914,1
932.1395035510449,0
902.8819939032177,0
872.5924334183477,0
-219.5291219276703,0
1089.2959190557408,1
1165.5252913386773,1
1016.6038204144845,0
879.8901654637876,0
952.6785484406473,0
1109.3024530223463,1
1087.479395975904,1
1252.044140109289,1
-242.42923260642874,0
1182.2969173306114,1
991.1202888941237,0
871.9635420076081,0
793.0267391824758,0
1101.800309292579,1
903.1181834469147,0
823.3184728184938,0
1041.688705392429,1
1087.7933758699737,1
744.1736503351527,0
933.3635205125797,0
927.5841738790791,0
1009.1485525642145,0
921.2373408302094,0
1524.531080677174,1
1471.7442854386868,1
1115.745760686795,1
962.17371597588,0
1236.6193729624754,1
1295.560733474817,1
1110.5307069583603,1
1101.3464803919467,1
-207.9538322596013,0
1090.496029148981,1
851.3588706646567,0
1161.630671839043,1
929.8984484003681,0
1393.8496705283378,1
1102.6047263728763,1
1135.3064684231515,1
1125.3308572404653,1
905.9952814997541,0
984.3258158062866,0
1449.106791250832,1
1100.8358966632431,1
1050.4757160237007,1
1373.1685240004967,1
1244.3994688637104,1
995.3211533984647,0
1053.3924659769514,1
1110.8712228203128,1
927.807559756067,0
1153.0925980340332,1
1059.6356145867537,1
866.0920946497354,0
1333.0314517264687,1
1021.8833441283593,0
1465.418875126581,1
1198.375755102997,1
1396.1540407344608,1
760.2774593019869,0
1212.5529384701586,1
1039.1192489806488,1
1024.325677370698,1
1089.3251402964872,1
890.3308816947952,0
1180.654916759672,1
993.7051023703589,0
821.2312358343813,0
1022.7716270574166,0
1097.97461986665,1
